ID,Your name:,Your e-mail:
1,John Doe,john.doe@email.com
2,Alice Smith,alice.smith@email.com
3,Bob Smith,bob.smith@email.com
4,Eve Miller,eve.miller@email.com
5,Kim Baker,kim.baker@email.com
6,Michaeil Brown, mbrown@email.com
7,Jahn Doe,jahn.doe@email.com
8,Alace Smith,alace.smith@email.com
9,Bab Smith,bab.smith@email.com
10,Eva Miller,eva.miller@email.com
11,Kam Baker,kam.baker@email.com
12,Michail Brown, mibrown@email.com
13,Jehn Doe,jehn.doe@email.com
14,Alece Smith,alece.smith@email.com
15,Beb Smith,beb.smith@email.com
16,Evee Miller,evee.miller@email.com
17,Kem Baker,kem.baker@email.com
18,Mechaeil Brown, mebrown@email.com
19,Mechil Brown, meibrown@email.com